"STATEFP","COUNTYFP","TRACTCE","GEOIDFQ","GEOID","NAME","NAMELSAD","STUSPS","NAMELSADCO","STATE_NAME","LSAD","ALAND","AWATER","TRACT.x","total_popE.x","total_popM.x","median_incomeE.x","median_incomeM.x","age_65_overE.x","age_65_overM.x","TRACT.y","total_popE.y","total_popM.y","median_incomeE.y","median_incomeM.y","age_65_overE.y","age_65_overM.y","TRACT","total_popE","total_popM","median_incomeE","median_incomeM","age_65_overE","age_65_overM","geometry","pct_elderly","low_income","high_elderly","vulnerable"
"42","013","101900","1400000US42013101900","42013101900","1019","Census Tract 1019","PA","Blair County","Pennsylvania","CT",573726,0,"Census Tract 1019; Blair County; Pennsylvania",1390,183,16547,1547,578,490,"Census Tract 1019; Blair County; Pennsylvania",1390,183,16547,1547,578,490,"Census Tract 1019; Blair County; Pennsylvania",1390,183,16547,1547,578,490,list(list(c(1469549.28260723, 1469626.28524182, 1469796.12361063, 1469860.57883401, 1470051.31889283, 1469941.03999603, 1469702.10785081, 1469757.57109378, 1470224.0603181, 1470591.43775853, 1470439.49421717, 1470234.75883162, 1469867.54514029, 1469721.6739383, 1469451.19171729, 1469549.28260723, 2081054.15075134, 2081053.75528374, 2081237.70031932, 2081366.35512098, 2081570.06350255, 2081666.44442995, 2081808.58790147, 2081903.07928651, 2081863.39937982, 2081663.51396923, 2081408.36833496, 2081196.78539217, 
2080819.84631032, 2080670.8169461, 2080935.27027767, 2081054.15075134))),41.5827338129496,TRUE,TRUE,TRUE
"42","129","806700","1400000US42129806700","42129806700","8067","Census Tract 8067","PA","Westmoreland County","Pennsylvania","CT",1807308,0,"Census Tract 8067; Westmoreland County; Pennsylvania",2660,288,42500,11302,820,573,"Census Tract 8067; Westmoreland County; Pennsylvania",2660,288,42500,11302,820,573,"Census Tract 8067; Westmoreland County; Pennsylvania",2660,288,42500,11302,820,573,list(list(c(1381722.65684196, 1382108.85613119, 1381988.59224763, 1381855.74478131, 1381993.51760138, 1382011.68135808, 1382216.71814136, 1382468.73037752, 1382904.50664179, 1383135.35742724, 1382971.12920244, 1383102.3511247, 1382937.85471357, 1383098.94601355, 1383020.48082088, 1382854.0101299, 1382691.18543232, 1382630.14786426, 1382553.91664499, 1382273.73941985, 1382159.98959503, 1382148.31158959, 1381842.24402791, 1381722.65684196, 2024084.44701088, 2024148.55001882, 2024796.18403056, 2025147.15150139, 
2025219.00975532, 2025482.75743865, 2024975.85735717, 2024947.3674789, 2024687.72802933, 2024436.37734021, 2024080.07216681, 2023934.69564636, 2023789.56061523, 2023716.51524038, 2023523.07842745, 2023597.45971966, 2023216.72934709, 2023089.24443152, 2023015.29023035, 2022952.99180057, 2023227.00297012, 2023439.92545898, 2023796.55566321, 2024084.44701088))),30.8270676691729,TRUE,TRUE,TRUE
"42","003","483800","1400000US42003483800","42003483800","4838","Census Tract 4838","PA","Allegheny County","Pennsylvania","CT",1492076,167950,"Census Tract 4838; Allegheny County; Pennsylvania",2885,15,38661,6636,774,649,"Census Tract 4838; Allegheny County; Pennsylvania",2885,15,38661,6636,774,649,"Census Tract 4838; Allegheny County; Pennsylvania",2885,15,38661,6636,774,649,list(list(c(1346617.18416014, 1346833.42081921, 1347129.66888548, 1347568.71556835, 1347913.84586049, 1347577.51582581, 1347888.81594935, 1348074.6992651, 1348171.48394303, 1348256.9306058, 1348402.84841807, 1348308.32299235, 1348116.98328033, 1347936.78439375, 1347775.85607418, 1347756.93438101, 1347735.1034232, 1347636.12501263, 1347430.41224775, 1347049.38594622, 1347336.49782178, 1347155.54310146, 1346550.62007284, 1346617.18416014, 2047205.80135457, 2047523.3385966, 2047757.16620019, 2047930.98402903, 
2047230.49814058, 2047141.16589441, 2046804.81187247, 2046604.4178528, 2046676.43151789, 2046521.25548465, 2046219.70158927, 2046275.6999001, 2046389.12602631, 2046217.27237987, 2046187.82348787, 2046130.7193734, 2046065.16261934, 2046140.74979765, 2045999.21070281, 2046165.13331444, 2046457.74628274, 2046671.38434459, 2047081.80742294, 2047205.80135457))),26.8284228769497,TRUE,TRUE,TRUE
"42","129","804705","1400000US42129804705","42129804705","8047.05","Census Tract 8047.05","PA","Westmoreland County","Pennsylvania","CT",701347,0,"Census Tract 8047.05; Westmoreland County; Pennsylvania",1057,101,14292,13125,437,373,"Census Tract 8047.05; Westmoreland County; Pennsylvania",1057,101,14292,13125,437,373,"Census Tract 8047.05; Westmoreland County; Pennsylvania",1057,101,14292,13125,437,373,list(list(c(1378336.15917109, 1378758.70819846, 1378933.91874077, 1379136.4979838, 1379133.72363087, 1379454.98511329, 1379402.35957219, 1378972.20633244, 1378606.91774053, 1378458.98911187, 1378336.15917109, 2036817.07594283, 2037121.52363153, 2037336.83009129, 2037396.45444788, 2037338.87801953, 2037035.30324027, 2036846.75418714, 2036205.67250408, 2036583.46225115, 2036518.04718388, 2036817.07594283))),41.3434247871334,TRUE,TRUE,TRUE
"42","003","513000","1400000US42003513000","42003513000","5130","Census Tract 5130","PA","Allegheny County","Pennsylvania","CT",2584742,158463,"Census Tract 5130; Allegheny County; Pennsylvania",2079,251,35781,10687,502,439,"Census Tract 5130; Allegheny County; Pennsylvania",2079,251,35781,10687,502,439,"Census Tract 5130; Allegheny County; Pennsylvania",2079,251,35781,10687,502,439,list(list(c(1350443.45764662, 1350578.69056163, 1350623.69425313, 1351088.0847312, 1351378.03324239, 1351461.91090558, 1351606.99303858, 1352092.39392663, 1352171.55577515, 1352161.3194012, 1352347.72283966, 1352656.11944997, 1352775.30406482, 1352898.578255, 1352780.67871919, 1352919.12423373, 1352906.35766675, 1352421.05224465, 1352406.96298571, 1352524.85955527, 1352441.80938381, 1352347.15085145, 1351484.0037865, 1351811.63746639, 1351259.45323181, 1351179.89161117, 1351135.65437305, 1351096.51428384, 
1351023.11032643, 1350516.51140182, 1350443.45764662, 2048066.31473524, 2048219.62313553, 2048264.84181707, 2048043.1444528, 2048132.97891136, 2047837.98957206, 2047862.64252064, 2047940.3350847, 2048049.16239817, 2047557.99361627, 2047419.48782999, 2047340.79237941, 2047238.83630415, 2046951.40787495, 2046425.95309536, 2046376.51676133, 2046344.43289769, 2046330.25906578, 2046148.60123088, 2045881.49771016, 2045662.77571863, 2045687.90877225, 2045937.45930763, 2046685.81205051, 2047054.50829876, 
2047168.50439684, 2047321.97116164, 2047530.86632623, 2047633.87075348, 2047982.22739097, 2048066.31473524))),24.1462241462241,TRUE,TRUE,TRUE
"42","085","030900","1400000US42085030900","42085030900","309","Census Tract 309","PA","Mercer County","Pennsylvania","CT",2571995,0,"Census Tract 309; Mercer County; Pennsylvania",2467,276,41655,6378,872,647,"Census Tract 309; Mercer County; Pennsylvania",2467,276,41655,6378,872,647,"Census Tract 309; Mercer County; Pennsylvania",2467,276,41655,6378,872,647,list(list(c(1284171.00947912, 1284101.40330688, 1284018.21001726, 1284300.66715346, 1284204.01468103, 1284801.5246941, 1284759.64900596, 1285475.56392491, 1285536.19915484, 1286204.75195819, 1286176.51062016, 1286357.33740204, 1286455.12810572, 1286434.72931821, 1286479.34218391, 1286272.74375092, 1286232.74344025, 1285985.93722527, 1286270.19587045, 1286325.80539725, 1285136.13539325, 1285162.55966989, 1285065.76282435, 1285008.65960229, 1285099.64823192, 1284769.69762968, 1284624.31218382, 1284094.7732684, 
1284171.00947912, 2127099.49860476, 2127500.35633216, 2127973.51935114, 2128052.80635048, 2128601.47133844, 2128288.00085996, 2128514.60722101, 2128157.71193184, 2128229.76857873, 2127903.36034036, 2128063.90914941, 2128099.39856401, 2128030.99294447, 2127805.4631433, 2127470.4933195, 2127575.87669332, 2127763.76119904, 2127720.80328826, 2127528.93575822, 2127214.1600864, 2127034.10213221, 2126817.88264408, 2126817.82371686, 2127123.05053465, 2127267.38502632, 2127204.41925787, 2127057.03270093, 
2126960.21540475, 2127099.49860476))),35.3465747871909,TRUE,TRUE,TRUE
"42","021","000100","1400000US42021000100","42021000100","1","Census Tract 1","PA","Cambria County","Pennsylvania","CT",581005,40611,"Census Tract 1; Cambria County; Pennsylvania",1019,129,13870,3681,349,267,"Census Tract 1; Cambria County; Pennsylvania",1019,129,13870,3681,349,267,"Census Tract 1; Cambria County; Pennsylvania",1019,129,13870,3681,349,267,list(list(c(1430519.1259905, 1430556.36008888, 1430687.13870389, 1431056.6125393, 1431172.3402546, 1431494.41401299, 1431697.85165604, 1431616.75611103, 1431555.13916752, 1431438.9391559, 1431399.77957078, 1431182.04113176, 1430942.83506419, 1430842.96244612, 1430619.8434013, 1430519.1259905, 2052661.08234922, 2052937.80624577, 2052772.0983242, 2052737.88508266, 2052654.61603321, 2052542.58025824, 2052498.25875638, 2052260.9172768, 2052059.11279738, 2052079.8965685, 2052117.75578502, 2052170.07693397, 
2051997.95509061, 2052004.29266381, 2052301.70257404, 2052661.08234922))),34.2492639842983,TRUE,TRUE,TRUE
"42","101","020200","1400000US42101020200","42101020200","202","Census Tract 202","PA","Philadelphia County","Pennsylvania","CT",756812,0,"Census Tract 202; Philadelphia County; Pennsylvania",4121,712,35000,7559,1178,1159,"Census Tract 202; Philadelphia County; Pennsylvania",4121,712,35000,7559,1178,1159,"Census Tract 202; Philadelphia County; Pennsylvania",4121,712,35000,7559,1178,1159,list(list(c(1748550.43926244, 1748596.64441109, 1748626.39375519, 1748982.3922568, 1749355.33832705, 1749360.10699321, 1749403.02779, 1749426.15441445, 1749291.54750441, 1749301.34009843, 1748868.52075121, 1748858.02258749, 1748465.05052051, 1748550.43926244, 2080447.74933388, 2080494.43288755, 2080524.70838758, 2080866.33879944, 2081228.64437757, 2081206.86300648, 2080449.24982057, 2080026.56062173, 2080020.20744256, 2079840.89844598, 2079817.34415494, 2079997.52742642, 2080366.04936215, 2080447.74933388
))),28.5852948313516,TRUE,TRUE,TRUE
"42","069","100900","1400000US42069100900","42069100900","1009","Census Tract 1009","PA","Lackawanna County","Pennsylvania","CT",1214928,0,"Census Tract 1009; Lackawanna County; Pennsylvania",1607,280,42664,7130,459,390,"Census Tract 1009; Lackawanna County; Pennsylvania",1607,280,42664,7130,459,390,"Census Tract 1009; Lackawanna County; Pennsylvania",1607,280,42664,7130,459,390,list(list(c(1674058.71463694, 1674013.32606815, 1674029.27953138, 1674360.48294711, 1674721.50397131, 1674807.53398199, 1674972.77624216, 1675059.56127093, 1675027.23845163, 1674873.40668721, 1674690.01999561, 1674645.58281709, 1674566.93261493, 1674422.06774871, 1674415.05255323, 1674190.96139479, 1674128.27407884, 1674058.71463694, 2226992.66646449, 2227315.89527334, 2227503.32062578, 2227878.63565704, 2228083.13828501, 2228023.15454392, 2227829.19776577, 2227702.9423617, 2227616.64535008, 2227204.72605418, 
2226713.53514487, 2226263.21355916, 2226110.37735226, 2226187.93318832, 2226331.8812007, 2226568.15862349, 2226625.77988529, 2226992.66646449))),28.562538892346,TRUE,TRUE,TRUE
"42","065","951300","1400000US42065951300","42065951300","9513","Census Tract 9513","PA","Jefferson County","Pennsylvania","CT",4604248,122928,"Census Tract 9513; Jefferson County; Pennsylvania",2327,297,39111,4878,877,665,"Census Tract 9513; Jefferson County; Pennsylvania",2327,297,39111,4878,877,665,"Census Tract 9513; Jefferson County; Pennsylvania",2327,297,39111,4878,877,665,list(list(c(1411857.93049021, 1412014.89974293, 1412021.56690336, 1412146.44584157, 1412222.85876734, 1412764.62229645, 1412897.2473034, 1413136.83876106, 1413234.74101768, 1413222.14956276, 1413657.50379472, 1413992.30350116, 1414013.37123737, 1414434.81631867, 1414745.92975637, 1414809.01636382, 1415453.49647321, 1415684.27765323, 1415776.56715177, 1415974.41777682, 1414761.05984411, 1413878.29708407, 1413832.63812407, 1411959.50413606, 1411857.93049021, 2118825.94314012, 2118861.83103652, 2119078.90492922, 
2119106.37724362, 2119393.41644577, 2119501.8738315, 2119378.61434013, 2119399.66045752, 2119403.60698373, 2119661.24242019, 2119684.73351773, 2119793.48479961, 2119680.88235044, 2119836.52392584, 2119987.45042149, 2119914.21148339, 2119984.57153782, 2119961.53813287, 2119893.94067454, 2118783.45353822, 2118538.64740528, 2118360.47513806, 2118569.56753904, 2118238.23526058, 2118825.94314012))),37.6880103137086,TRUE,TRUE,TRUE
"42","003","512000","1400000US42003512000","42003512000","5120","Census Tract 5120","PA","Allegheny County","Pennsylvania","CT",1280832,0,"Census Tract 5120; Allegheny County; Pennsylvania",2176,254,38007,13499,565,535,"Census Tract 5120; Allegheny County; Pennsylvania",2176,254,38007,13499,565,535,"Census Tract 5120; Allegheny County; Pennsylvania",2176,254,38007,13499,565,535,list(list(c(1352171.55577515, 1352365.06525289, 1352755.15610937, 1352902.87949026, 1353312.75880138, 1353382.69504205, 1353526.54366598, 1353474.23332304, 1353506.08187357, 1353407.67987135, 1353318.2728052, 1353009.54909761, 1352919.12423373, 1352780.67871919, 1352898.578255, 1352775.30406482, 1352656.11944997, 1352347.72283966, 1352161.3194012, 1352171.55577515, 2048049.16239817, 2048300.02283087, 2048426.07773253, 2048109.09310899, 2047788.36022739, 2047731.60455252, 2047446.80710351, 2047362.12512165, 
2047226.88118991, 2047121.21384951, 2047022.32097821, 2046834.17717431, 2046376.51676133, 2046425.95309536, 2046951.40787495, 2047238.83630415, 2047340.79237941, 2047419.48782999, 2047557.99361627, 2048049.16239817))),25.9650735294118,TRUE,TRUE,TRUE
"42","039","111100","1400000US42039111100","42039111100","1111","Census Tract 1111","PA","Crawford County","Pennsylvania","CT",5843519,0,"Census Tract 1111; Crawford County; Pennsylvania",2850,275,24831,9729,787,587,"Census Tract 1111; Crawford County; Pennsylvania",2850,275,24831,9729,787,587,"Census Tract 1111; Crawford County; Pennsylvania",2850,275,24831,9729,787,587,list(list(c(1342435.66337648, 1343063.72972094, 1343668.63670718, 1343577.03502388, 1343232.31759656, 1343148.4296677, 1343126.24940017, 1344281.56674078, 1345384.696643, 1345641.37114848, 1345673.3420799, 1346094.00690008, 1346041.1374931, 1346301.89995289, 1345784.66480114, 1342657.41681022, 1342435.66337648, 2184682.17780156, 2184788.01019234, 2184892.82965146, 2185418.82800204, 2185663.64332845, 2185799.35644696, 2185870.13021626, 2186053.81234026, 2186226.78547289, 2184903.25259027, 2184753.08160871, 
2184709.19566297, 2184338.11726842, 2184228.5092274, 2184143.83840636, 2183598.5795027, 2184682.17780156))),27.6140350877193,TRUE,TRUE,TRUE
"42","003","561400","1400000US42003561400","42003561400","5614","Census Tract 5614","PA","Allegheny County","Pennsylvania","CT",1824590,0,"Census Tract 5614; Allegheny County; Pennsylvania",3585,418,43032,9183,934,834,"Census Tract 5614; Allegheny County; Pennsylvania",3585,418,43032,9183,934,834,"Census Tract 5614; Allegheny County; Pennsylvania",3585,418,43032,9183,934,834,list(list(c(1349795.38553478, 1350004.72417264, 1350116.56503617, 1350142.49874364, 1350138.66247592, 1349925.39008162, 1349987.42554093, 1350123.65282875, 1350516.83945599, 1350717.97090268, 1350831.75095834, 1350961.70132919, 1351038.6758949, 1351140.81391187, 1351157.42698619, 1351304.58858505, 1350947.50887538, 1350409.28538576, 1349934.46799766, 1349955.68673748, 1350154.5582092, 1350065.91509067, 1349795.38553478, 2051845.8217098, 2052130.82132035, 2052195.11045151, 2052583.35921354, 2052921.27130291, 
2052953.58709657, 2053213.79915856, 2053238.74238649, 2053309.90665631, 2053436.91333255, 2053215.70984321, 2053248.91062943, 2052832.50155684, 2052850.81820953, 2052763.42638435, 2051992.63278916, 2051857.2807915, 2051606.90107377, 2051171.60585448, 2051489.94426239, 2051599.60625528, 2051629.41984542, 2051845.8217098))),26.0529986052999,TRUE,TRUE,TRUE
"42","003","464400","1400000US42003464400","42003464400","4644","Census Tract 4644","PA","Allegheny County","Pennsylvania","CT",1723617,163411,"Census Tract 4644; Allegheny County; Pennsylvania",2812,411,16924,12745,683,701,"Census Tract 4644; Allegheny County; Pennsylvania",2812,411,16924,12745,683,701,"Census Tract 4644; Allegheny County; Pennsylvania",2812,411,16924,12745,683,701,list(list(c(1333141.60905758, 1333288.55286912, 1333235.16065931, 1333239.80210019, 1333515.01841899, 1333633.73208854, 1334675.51443626, 1334824.12502215, 1334598.59858886, 1334591.81566602, 1334422.90654732, 1334026.36370649, 1333817.77557137, 1333420.43972908, 1333401.12185632, 1333380.2850021, 1333352.69509349, 1333278.34087958, 1333192.68819054, 1333141.60905758, 2051701.05315706, 2051779.43375187, 2052311.97607477, 2052312.76170862, 2052363.10040301, 2052380.01860616, 2052566.25153685, 2052202.98940002, 
2051810.98166713, 2051391.5073169, 2051290.74867972, 2051051.2373129, 2051099.65010534, 2050742.79242503, 2050944.59028107, 2051049.56175487, 2051426.16913199, 2051540.03254998, 2051613.35660318, 2051701.05315706))),24.2887624466572,TRUE,TRUE,TRUE
"42","133","001600","1400000US42133001600","42133001600","16","Census Tract 16","PA","York County","Pennsylvania","CT",692116,40209,"Census Tract 16; York County; Pennsylvania",1572,299,16156,7243,425,462,"Census Tract 16; York County; Pennsylvania",1572,299,16156,7243,425,462,"Census Tract 16; York County; Pennsylvania",1572,299,16156,7243,425,462,list(list(c(1619671.91701001, 1619847.16527333, 1620225.06794439, 1620165.47826687, 1620096.53225669, 1620160.13989474, 1620420.16489592, 1620538.85895688, 1620721.36405267, 1620576.98400137, 1620720.13536061, 1620131.89128441, 1620089.82120318, 1620254.99956092, 1619945.77299595, 1619805.71812842, 1619715.2769847, 1619671.91701001, 2047466.74422532, 2047591.87074576, 2048178.36499633, 2048273.9853769, 2048545.44678215, 2048744.295993, 2048955.85178399, 2048631.2481287, 2048416.65850291, 2048289.50368537, 
2048071.28119897, 2047675.10420073, 2047618.64048031, 2047249.47964209, 2047042.70022909, 2047255.62346545, 2047394.55230973, 2047466.74422532))),27.0356234096692,TRUE,TRUE,TRUE
"42","073","001000","1400000US42073001000","42073001000","10","Census Tract 10","PA","Lawrence County","Pennsylvania","CT",4387471,281291,"Census Tract 10; Lawrence County; Pennsylvania",1493,300,42321,13753,456,358,"Census Tract 10; Lawrence County; Pennsylvania",1493,300,42321,13753,456,358,"Census Tract 10; Lawrence County; Pennsylvania",1493,300,42321,13753,456,358,list(list(c(1296354.01837279, 1297827.08502248, 1298038.29173832, 1298668.75723781, 1298737.74811689, 1299356.87505878, 1299600.36642447, 1299802.32624871, 1299940.07573824, 1299916.72623538, 1300027.66798434, 1300058.35979197, 1299923.70936093, 1299511.25128491, 1299258.9347268, 1299020.21467443, 1298733.4198446, 1298483.72033679, 1298437.23897121, 1298520.58214573, 1298502.65202494, 1298375.25717809, 1298089.58684118, 1297929.61607028, 1297426.36109114, 1297227.50662798, 1297859.95629251, 1297761.16789147, 
1297720.17564431, 1297834.11469773, 1297871.95916184, 1297689.72816716, 1297553.05908304, 1297116.77102648, 1296632.83767908, 1296354.01837279, 2104052.09857514, 2104336.23874513, 2104377.28925696, 2104500.06617346, 2104144.54848244, 2104272.07956985, 2104340.89476091, 2104701.46292794, 2104724.80186913, 2104857.70202593, 2104483.27600687, 2104119.80689152, 2103942.26795124, 2103370.45888083, 2103122.20413005, 2102766.45384146, 2102403.98478426, 2102223.28014919, 2101931.11923625, 2101712.36830747, 
2101398.04185153, 2101225.71739694, 2101738.26802937, 2101871.10243218, 2101975.17665317, 2102222.23181536, 2102375.89005266, 2102534.3074643, 2102577.90672713, 2102723.58612406, 2103101.02557471, 2103469.77606645, 2103588.31334577, 2103791.79661552, 2103906.70424521, 2104052.09857514))),30.5425318151373,TRUE,TRUE,TRUE
"42","079","217002","1400000US42079217002","42079217002","2170.02","Census Tract 2170.02","PA","Luzerne County","Pennsylvania","CT",8210486,57649,"Census Tract 2170.02; Luzerne County; Pennsylvania",2511,295,37198,19294,814,502,"Census Tract 2170.02; Luzerne County; Pennsylvania",2511,295,37198,19294,814,502,"Census Tract 2170.02; Luzerne County; Pennsylvania",2511,295,37198,19294,814,502,list(list(c(1655024.70885738, 1655700.49115635, 1655067.8837508, 1655730.62308159, 1655761.10161973, 1657161.94373454, 1657274.52239031, 1657810.53912469, 1657760.39351626, 1657974.95117027, 1658038.87624564, 1658599.7101296, 1658804.23929269, 1658991.41779825, 1658537.12581738, 1658083.52609983, 1658053.22881943, 1658251.57771334, 1657754.00198394, 1657548.98460771, 1657528.16975863, 1657210.16070303, 1656341.16291113, 1656211.92088635, 1656004.87093688, 1655731.84852735, 1655676.71370917, 1655024.70885738, 
2171365.60275001, 2171675.48524009, 2172278.41367704, 2172704.15215243, 2173157.77192562, 2173812.72412837, 2173899.64325838, 2174181.61586681, 2173907.65153035, 2173642.86877513, 2173552.22145096, 2172314.66721264, 2171855.94550691, 2171435.30836581, 2171229.27304955, 2171023.53072369, 2170999.53609486, 2170560.77643392, 2170319.32754261, 2170321.55563669, 2170369.4369984, 2171077.26049236, 2170678.59444714, 2171118.04649159, 2171212.7334115, 2171231.85819424, 2171353.0227583, 2171365.60275001))),32.4173636001593,TRUE,TRUE,TRUE
"42","003","552100","1400000US42003552100","42003552100","5521","Census Tract 5521","PA","Allegheny County","Pennsylvania","CT",692361,100358,"Census Tract 5521; Allegheny County; Pennsylvania",1319,216,18210,5617,429,357,"Census Tract 5521; Allegheny County; Pennsylvania",1319,216,18210,5617,429,357,"Census Tract 5521; Allegheny County; Pennsylvania",1319,216,18210,5617,429,357,list(list(c(1351820.03385162, 1351918.01020574, 1352230.68475521, 1352670.26548964, 1352565.63055009, 1352606.59199095, 1352880.6988892, 1352883.95192119, 1352983.50894959, 1352974.05601752, 1352697.30654149, 1352649.11266192, 1352592.82120819, 1352821.97304996, 1352720.20958602, 1352396.14192056, 1352201.64316034, 1352017.77520783, 1351821.94006242, 1351820.03385162, 2041095.95138274, 2041152.41019568, 2041261.24570388, 2041300.13310719, 2041183.87333431, 2040955.96072556, 2040873.73561638, 2040593.20878152, 
2040547.31527853, 2040351.33240446, 2040582.90984451, 2040526.11249318, 2040461.22110618, 2040231.13849077, 2040074.11201844, 2040224.84381222, 2040371.99431608, 2040630.65144933, 2041050.92823722, 2041095.95138274))),32.524639878696,TRUE,TRUE,TRUE
"42","003","484600","1400000US42003484600","42003484600","4846","Census Tract 4846","PA","Allegheny County","Pennsylvania","CT",1202629,0,"Census Tract 4846; Allegheny County; Pennsylvania",1800,300,40455,10466,523,443,"Census Tract 4846; Allegheny County; Pennsylvania",1800,300,40455,10466,523,443,"Census Tract 4846; Allegheny County; Pennsylvania",1800,300,40455,10466,523,443,list(list(c(1347932.9278727, 1348049.22882865, 1348209.70869293, 1347805.02029661, 1347756.93438101, 1347775.85607418, 1347936.78439375, 1348116.98328033, 1348308.32299235, 1348210.30437016, 1348256.53403504, 1348476.08930026, 1348625.2768771, 1348908.28995255, 1348929.19889485, 1349051.03703373, 1349017.31564497, 1349096.69777766, 1348929.70834237, 1348845.48186473, 1348837.90652164, 1348410.88025994, 1348048.55490309, 1347939.99120507, 1347932.9278727, 2044854.6536883, 2045450.84996166, 2045674.22371309, 
2045828.0008091, 2046130.7193734, 2046187.82348787, 2046217.27237987, 2046389.12602631, 2046275.6999001, 2046190.40454384, 2046015.45052315, 2045788.54314914, 2045849.75037838, 2045751.56384413, 2045626.37552293, 2045436.28833876, 2045014.10096722, 2044710.37035897, 2044728.62217864, 2044691.36834748, 2044772.58265855, 2044839.44060675, 2044917.49598904, 2044836.31379572, 2044854.6536883))),29.0555555555556,TRUE,TRUE,TRUE
"42","003","050100","1400000US42003050100","42003050100","501","Census Tract 501","PA","Allegheny County","Pennsylvania","CT",790373,0,"Census Tract 501; Allegheny County; Pennsylvania",1806,437,29353,15532,510,452,"Census Tract 501; Allegheny County; Pennsylvania",1806,437,29353,15532,510,452,"Census Tract 501; Allegheny County; Pennsylvania",1806,437,29353,15532,510,452,list(list(c(1340649.26872825, 1340898.35282654, 1341081.45381834, 1341164.74752328, 1341355.92681528, 1341411.71830915, 1341681.56563439, 1341830.47337181, 1341980.20247713, 1342037.1416644, 1341994.46482316, 1342062.00180213, 1341766.64249818, 1341553.35255266, 1341438.41727101, 1341314.69187375, 1341252.72636401, 1341088.31449628, 1341035.91802477, 1340949.16084669, 1340876.05880429, 1340649.26872825, 2050249.15032812, 2050451.1884021, 2050600.30181178, 2050668.22790384, 2050823.95144424, 2050734.25128504, 
2050953.94498652, 2051209.52440076, 2051201.84899211, 2051142.00594762, 2050894.29018846, 2050749.20979081, 2050387.77705571, 2050232.59717924, 2050141.55348144, 2050040.4931066, 2050118.34877955, 2049983.6631966, 2049940.65590274, 2049868.96146877, 2049962.65051644, 2050249.15032812))),28.2392026578073,TRUE,TRUE,TRUE
"42","007","604500","1400000US42007604500","42007604500","6045","Census Tract 6045","PA","Beaver County","Pennsylvania","CT",2200758,0,"Census Tract 6045; Beaver County; Pennsylvania",2084,347,33690,9207,614,557,"Census Tract 6045; Beaver County; Pennsylvania",2084,347,33690,9207,614,557,"Census Tract 6045; Beaver County; Pennsylvania",2084,347,33690,9207,614,557,list(list(c(1314182.40883991, 1314679.15813563, 1314875.03587011, 1314902.43733117, 1314969.02973354, 1314816.15606919, 1314874.3834753, 1315145.94802369, 1315320.57779075, 1315290.99317001, 1315389.99842334, 1315253.2428336, 1315034.99579941, 1314676.48131828, 1314809.23435059, 1315033.70741033, 1315471.77453305, 1315690.07147458, 1315728.16756484, 1315605.49843233, 1315395.01614373, 1315093.77793291, 1314983.70454689, 1314522.36161724, 1314547.68148004, 1314506.60312923, 1314187.68851364, 1314182.40883991, 
2065675.83731872, 2065915.24770352, 2066048.50195675, 2066104.8680392, 2066294.06841738, 2066816.09235798, 2066889.99198743, 2066790.73698052, 2066825.6283791, 2066954.68178419, 2067058.80200439, 2067257.59443568, 2068427.4412929, 2068916.19179537, 2069014.59606249, 2068605.40230142, 2067192.17903419, 2066272.85131134, 2065686.31346036, 2065533.37437715, 2065201.0827377, 2064760.27403321, 2064734.82688916, 2064979.3021655, 2065025.7791034, 2065056.27381817, 2065507.85691978, 2065675.83731872))),29.4625719769674,TRUE,TRUE,TRUE
"42","049","000100","1400000US42049000100","42049000100","1","Census Tract 1","PA","Erie County","Pennsylvania","CT",743089,0,"Census Tract 1; Erie County; Pennsylvania",1529,237,14846,3915,559,428,"Census Tract 1; Erie County; Pennsylvania",1529,237,14846,3915,559,428,"Census Tract 1; Erie County; Pennsylvania",1529,237,14846,3915,559,428,list(list(c(1300372.68123608, 1300650.17446986, 1300924.77949144, 1301432.51198148, 1301558.81822351, 1301281.02940644, 1301002.57890434, 1300878.07526669, 1300660.09979677, 1300372.68123608, 2234457.41570642, 2234665.27713212, 2234864.04143071, 2234160.97417249, 2233985.41520889, 2233783.14270991, 2233580.77038308, 2233753.12593551, 2234057.71164084, 2234457.41570642))),36.5598430346632,TRUE,TRUE,TRUE
"42","049","012002","1400000US42049012002","42049012002","120.02","Census Tract 120.02","PA","Erie County","Pennsylvania","CT",4675402,65230,"Census Tract 120.02; Erie County; Pennsylvania",2911,16,42754,3740,716,581,"Census Tract 120.02; Erie County; Pennsylvania",2911,16,42754,3740,716,581,"Census Tract 120.02; Erie County; Pennsylvania",2911,16,42754,3740,716,581,list(list(c(1323278.04578373, 1325444.06014375, 1325395.35021274, 1325640.70773206, 1325703.27682145, 1325695.14663393, 1325875.18226742, 1325762.26156085, 1325771.85512196, 1325696.77471666, 1325488.29990995, 1325551.38980443, 1325524.00135411, 1324925.17001559, 1324600.06986557, 1324345.00649295, 1324284.50785393, 1324125.59938862, 1323857.17358671, 1323701.97738484, 1323694.14427908, 1323695.32750003, 1323606.61622624, 1323559.81449102, 1323377.2586332, 1323278.04578373, 2213176.27947024, 2213527.18450338, 
2213213.2387728, 2213253.91424943, 2212925.2566594, 2212916.14081699, 2212498.34993273, 2212036.01225048, 2211860.46295846, 2211589.43089357, 2211673.94743234, 2211234.58281541, 2210912.60344052, 2210759.83556227, 2211488.74935808, 2211379.13843473, 2211355.58964475, 2211088.47386416, 2211042.53925844, 2211943.41185644, 2211970.55921393, 2211981.2050775, 2212489.60785988, 2212788.28141628, 2212744.48369573, 2213176.27947024))),24.5963586396427,TRUE,TRUE,TRUE
"42","101","020101","1400000US42101020101","42101020101","201.01","Census Tract 201.01","PA","Philadelphia County","Pennsylvania","CT",483579,0,"Census Tract 201.01; Philadelphia County; Pennsylvania",3716,1073,28559,6050,1056,1263,"Census Tract 201.01; Philadelphia County; Pennsylvania",3716,1073,28559,6050,1056,1263,"Census Tract 201.01; Philadelphia County; Pennsylvania",3716,1073,28559,6050,1056,1263,list(list(c(1749403.02779, 1749532.54323806, 1749941.8169092, 1749973.02394938, 1749980.63100876, 1749999.24279818, 1749859.99543419, 1749594.41364152, 1749560.19837228, 1749426.15441445, 1749403.02779, 2080449.24982057, 2080541.02786189, 2080561.21299217, 2080053.41876723, 2079872.70150238, 2079523.61898972, 2079517.02735115, 2079509.71418831, 2080032.33137449, 2080026.56062173, 2080449.24982057))),28.4176533907427,TRUE,TRUE,TRUE
"42","101","010500","1400000US42101010500","42101010500","105","Census Tract 105","PA","Philadelphia County","Pennsylvania","CT",657748,0,"Census Tract 105; Philadelphia County; Pennsylvania",4108,615,38581,9628,1173,747,"Census Tract 105; Philadelphia County; Pennsylvania",4108,615,38581,9628,1173,747,"Census Tract 105; Philadelphia County; Pennsylvania",4108,615,38581,9628,1173,747,list(list(c(1745328.90427348, 1745443.61079865, 1745773.08865598, 1745783.8871725, 1745917.7652333, 1745955.37086643, 1745984.47850849, 1746169.00465622, 1745962.23584803, 1745978.70387619, 1745723.02006513, 1745705.03973031, 1745612.49338377, 1745534.44689237, 1745481.54166204, 1745433.40150319, 1745328.90427348, 2075512.36492499, 2075556.56742317, 2075681.68436323, 2075657.68474088, 2075302.00378068, 2075203.84464668, 2075113.09378458, 2074544.84334132, 2074499.56656931, 2074051.66895148, 2074037.53922904, 
2074438.84062236, 2074724.51170403, 2074964.85219523, 2075126.41521111, 2075274.34505669, 2075512.36492499))),28.554040895813,TRUE,TRUE,TRUE
"42","101","024100","1400000US42101024100","42101024100","241","Census Tract 241","PA","Philadelphia County","Pennsylvania","CT",407855,0,"Census Tract 241; Philadelphia County; Pennsylvania",1480,279,18646,5924,515,395,"Census Tract 241; Philadelphia County; Pennsylvania",1480,279,18646,5924,515,395,"Census Tract 241; Philadelphia County; Pennsylvania",1480,279,18646,5924,515,395,list(list(c(1746875.29179606, 1747157.76958675, 1747296.53230526, 1747346.52513306, 1747425.61461416, 1747470.51032392, 1747751.67477967, 1747582.64380178, 1747519.24736439, 1747313.51977307, 1747100.119554, 1746875.29179606, 2082797.38786764, 2083399.44901469, 2083251.05060099, 2083214.89118525, 2083160.53254587, 2083128.97790268, 2082996.46124406, 2082637.97076583, 2082498.50005586, 2082592.26832403, 2082691.33433468, 2082797.38786764))),34.7972972972973,TRUE,TRUE,TRUE
"42","003","561900","1400000US42003561900","42003561900","5619","Census Tract 5619","PA","Allegheny County","Pennsylvania","CT",1080836,0,"Census Tract 5619; Allegheny County; Pennsylvania",1883,470,29118,25512,474,427,"Census Tract 5619; Allegheny County; Pennsylvania",1883,470,29118,25512,474,427,"Census Tract 5619; Allegheny County; Pennsylvania",1883,470,29118,25512,474,427,list(list(c(1347130.46915724, 1347061.02956853, 1347725.68673884, 1347839.47701031, 1347961.9064771, 1347997.15601023, 1347996.89219262, 1348022.25708005, 1347639.06937143, 1347466.35328643, 1347245.39428103, 1347224.09712229, 1347350.61598542, 1347389.73037413, 1347276.56949194, 1347049.35292979, 1347130.46915724, 2054429.28404221, 2054664.69433383, 2054661.48554033, 2054769.49238437, 2054733.85408641, 2054847.28417825, 2054523.0060749, 2053250.18820343, 2053265.75349698, 2053405.7600545, 2053433.41755885, 
2053436.25207529, 2053880.3142861, 2053928.37327154, 2054059.3645267, 2054321.65121409, 2054429.28404221))),25.1725969198088,TRUE,TRUE,TRUE
"42","079","212300","1400000US42079212300","42079212300","2123","Census Tract 2123","PA","Luzerne County","Pennsylvania","CT",1830984,0,"Census Tract 2123; Luzerne County; Pennsylvania",2720,16,39257,9568,707,609,"Census Tract 2123; Luzerne County; Pennsylvania",2720,16,39257,9568,707,609,"Census Tract 2123; Luzerne County; Pennsylvania",2720,16,39257,9568,707,609,list(list(c(1657473.15489461, 1657453.09647939, 1657369.14744818, 1657363.70878432, 1657900.77295065, 1658500.21464532, 1658915.3597922, 1659373.86927174, 1659044.3259579, 1658509.06458285, 1658269.98894795, 1658055.37157389, 1657573.88782418, 1657441.01891143, 1657473.15489461, 2207319.97120004, 2207458.55602924, 2208039.68959366, 2208439.94161895, 2207978.64746908, 2207434.5932879, 2207064.62776334, 2206652.46673811, 2206028.6217554, 2206513.97527902, 2206725.52226659, 2206694.55207907, 2207117.18250046, 
2207253.87898455, 2207319.97120004))),25.9926470588235,TRUE,TRUE,TRUE
"42","023","960100","1400000US42023960100","42023960100","9601","Census Tract 9601","PA","Cameron County","Pennsylvania","CT",1838256,107252,"Census Tract 9601; Cameron County; Pennsylvania",2005,134,36167,6116,504,300,"Census Tract 9601; Cameron County; Pennsylvania",2005,134,36167,6116,504,300,"Census Tract 9601; Cameron County; Pennsylvania",2005,134,36167,6116,504,300,list(list(c(1461853.39616752, 1462325.91296667, 1461954.21587058, 1461788.11849109, 1462011.22763732, 1461926.77838509, 1461964.22252508, 1462189.99124988, 1462996.11450664, 1463277.55866039, 1463603.01351407, 1464340.12342446, 1464324.26747989, 1464363.6006015, 1464322.85011794, 1464282.77556845, 1464287.17941496, 1464184.11417147, 1464112.92495589, 1463590.83044821, 1463207.18295741, 1462696.76699109, 1462737.53203176, 1462183.78331015, 1461853.39616752, 2192566.48762686, 2193034.29239746, 2193293.78857806, 
2193584.28795116, 2193604.58396538, 2193657.98990981, 2193706.98296734, 2193623.11013757, 2193676.20762709, 2193734.4553051, 2193705.3587489, 2193760.23078678, 2193585.22567647, 2193449.60099812, 2193394.95606185, 2193259.67745151, 2193044.42432221, 2192867.2655689, 2192924.41591891, 2193067.90480314, 2193036.33672004, 2192950.63251425, 2192764.01774454, 2192308.39855906, 2192566.48762686))),25.1371571072319,TRUE,TRUE,TRUE
"42","045","404500","1400000US42045404500","42045404500","4045","Census Tract 4045","PA","Delaware County","Pennsylvania","CT",1196500,0,"Census Tract 4045; Delaware County; Pennsylvania",4766,1123,35789,15252,1190,1051,"Census Tract 4045; Delaware County; Pennsylvania",4766,1123,35789,15252,1190,1051,"Census Tract 4045; Delaware County; Pennsylvania",4766,1123,35789,15252,1190,1051,list(list(c(1734415.53172893, 1734686.84188346, 1734804.58023688, 1734795.12667684, 1735111.66158366, 1735239.3518577, 1735017.41700527, 1734916.28556389, 1735319.25246208, 1735516.19644723, 1735537.27382968, 1735440.5533056, 1735459.43073899, 1735887.03029672, 1735890.33402413, 1736000.50697261, 1736071.28246515, 1736166.05700448, 1736182.60417163, 1735950.72044598, 1735898.74902385, 1735745.30491919, 1735616.95651642, 1735484.38783503, 1735317.91768631, 1735266.6104387, 1735188.34835709, 1735179.50739301, 
1735098.13504278, 1734952.52327026, 1734891.71136766, 1734626.65996092, 1734571.02878095, 1734410.80828978, 1734415.53172893, 2061906.72701012, 2062043.54042765, 2062018.21212104, 2061940.62514936, 2061866.08209139, 2061836.98723865, 2061812.02041377, 2061694.70831566, 2061575.89149761, 2061589.04111265, 2061741.02641172, 2061860.71427901, 2061919.95723379, 2061909.87643615, 2061450.6933669, 2061207.52343639, 2061114.58773517, 2060963.26216808, 2060925.25954111, 2060702.43111695, 2060735.71680109, 
2060806.28574551, 2060841.42793904, 2060850.05240905, 2060863.5944705, 2060880.50634036, 2060897.21122352, 2060899.50708017, 2060921.26410544, 2060970.16463897, 2060990.03145612, 2061776.34054279, 2061801.48131834, 2061878.14712022, 2061906.72701012))),24.9685270667226,TRUE,TRUE,TRUE
"42","003","517000","1400000US42003517000","42003517000","5170","Census Tract 5170","PA","Allegheny County","Pennsylvania","CT",2454359,20299,"Census Tract 5170; Allegheny County; Pennsylvania",1567,284,38070,3822,400,289,"Census Tract 5170; Allegheny County; Pennsylvania",1567,284,38070,3822,400,289,"Census Tract 5170; Allegheny County; Pennsylvania",1567,284,38070,3822,400,289,list(list(c(1349898.15780078, 1349959.71228096, 1350028.44054434, 1350335.20471973, 1350151.76106227, 1350244.36046128, 1350240.15782462, 1350145.23988152, 1350423.38306975, 1350597.39997745, 1350827.71157529, 1350932.25959969, 1351148.51580852, 1351310.80781432, 1351427.76375104, 1352033.83561884, 1351985.80427474, 1351973.04527387, 1352109.6526733, 1352159.65807887, 1352221.91305317, 1352365.06525289, 1352171.55577515, 1352092.39392663, 1351606.99303858, 1351461.91090558, 1351378.03324239, 1351088.0847312, 
1350623.69425313, 1350754.3074928, 1350583.1995803, 1350368.83651827, 1350265.73478743, 1350126.15537795, 1350125.13555025, 1349834.60420317, 1349898.15780078, 2049882.93453367, 2050061.1178694, 2050402.59962869, 2050280.25925235, 2050230.74997699, 2050006.12936272, 2049738.32457107, 2049644.77537883, 2049535.7130662, 2049317.65983615, 2049277.12676609, 2049269.70534571, 2049214.6099773, 2049141.74109289, 2049205.32912922, 2048998.10390821, 2048848.70015146, 2048807.64021054, 2048751.74556805, 2048724.97817558, 
2048709.40566336, 2048300.02283087, 2048049.16239817, 2047940.3350847, 2047862.64252064, 2047837.98957206, 2048132.97891136, 2048043.1444528, 2048264.84181707, 2048410.20229087, 2048501.12172404, 2048521.21306718, 2048718.91957735, 2048935.26641678, 2049179.33175015, 2049724.86697336, 2049882.93453367))),25.5264837268666,TRUE,TRUE,TRUE
"42","003","515300","1400000US42003515300","42003515300","5153","Census Tract 5153","PA","Allegheny County","Pennsylvania","CT",868386,138276,"Census Tract 5153; Allegheny County; Pennsylvania",1520,190,37031,10531,359,351,"Census Tract 5153; Allegheny County; Pennsylvania",1520,190,37031,10531,359,351,"Census Tract 5153; Allegheny County; Pennsylvania",1520,190,37031,10531,359,351,list(list(c(1348098.14064798, 1348191.10549627, 1348365.39258068, 1348671.57553753, 1348929.0853927, 1348888.69916234, 1349002.50297833, 1349053.53621424, 1349048.1210755, 1349027.32990895, 1349020.79699617, 1349018.90212643, 1349022.91403772, 1349033.52707107, 1349020.6025389, 1349086.71167124, 1349146.66369155, 1349113.55220248, 1349098.56353127, 1349014.08769751, 1348941.78487791, 1348252.917894, 1348100.0827853, 1348098.14064798, 2048378.724073, 2048533.27856262, 2048683.90627333, 2048938.02990261, 
2049133.37537383, 2049176.35408656, 2049192.08586967, 2049123.31344029, 2049025.32908827, 2049032.11181311, 2048974.05467321, 2048852.01096746, 2048796.66824306, 2048754.61614142, 2048745.35724875, 2048608.47476415, 2048537.4784535, 2048324.05664904, 2048325.35480945, 2048107.80061667, 2047562.74598456, 2047962.42869949, 2047992.65309666, 2048378.724073))),23.6184210526316,TRUE,TRUE,TRUE
"42","097","081400","1400000US42097081400","42097081400","814","Census Tract 814","PA","Northumberland County","Pennsylvania","CT",2019916,6604,"Census Tract 814; Northumberland County; Pennsylvania",1643,206,42768,13842,545,440,"Census Tract 814; Northumberland County; Pennsylvania",1643,206,42768,13842,545,440,"Census Tract 814; Northumberland County; Pennsylvania",1643,206,42768,13842,545,440,list(list(c(1613332.17457221, 1613981.65797218, 1614226.4651783, 1614257.06650747, 1614641.35598755, 1615047.67152338, 1615261.14545981, 1615305.72242892, 1615353.17536903, 1615418.81594343, 1615455.0019904, 1615761.37802515, 1615844.55342564, 1615666.86945764, 1615326.6995509, 1615147.37622996, 1614703.23177935, 1614483.41944861, 1614382.82488643, 1614219.83425847, 1614100.23475763, 1614021.31484299, 1613332.17457221, 2140081.26188625, 2140529.0847962, 2140538.53132688, 2140417.69122235, 2140517.13607683, 
2140813.31899576, 2141115.62276299, 2140944.38321979, 2140762.98862156, 2140522.34475476, 2140393.62784616, 2140477.65445998, 2140461.16871493, 2140143.28262203, 2139992.5495763, 2139701.79150529, 2139518.89530681, 2139317.32693926, 2139165.40637008, 2139418.93406756, 2139508.0654742, 2139593.96116069, 2140081.26188625))),33.1710286062082,TRUE,TRUE,TRUE
"42","069","100200","1400000US42069100200","42069100200","1002","Census Tract 1002","PA","Lackawanna County","Pennsylvania","CT",960602,0,"Census Tract 1002; Lackawanna County; Pennsylvania",3088,259,23897,5285,967,683,"Census Tract 1002; Lackawanna County; Pennsylvania",3088,259,23897,5285,967,683,"Census Tract 1002; Lackawanna County; Pennsylvania",3088,259,23897,5285,967,683,list(list(c(1673496.79617817, 1673771.00852385, 1673825.32485213, 1673915.80387051, 1673980.69627997, 1674180.8380971, 1674306.82961376, 1674382.49018162, 1674582.78403322, 1674767.75727403, 1674949.67097796, 1675055.69872975, 1674977.13093105, 1674820.2929495, 1674746.86672434, 1674352.89385796, 1674015.41276611, 1673645.76984579, 1673496.79617817, 2224658.04388855, 2224763.5445874, 2224935.93613882, 2225083.31177022, 2225050.33425253, 2225149.72393498, 2225082.49070451, 2225230.43333016, 2225325.97355699, 
2225226.43723588, 2225129.67528939, 2225072.31567732, 2224920.98294833, 2224616.89723692, 2224471.15365492, 2224221.26594843, 2224316.20036599, 2224501.40799904, 2224658.04388855))),31.3147668393782,TRUE,TRUE,TRUE
"42","049","001900","1400000US42049001900","42049001900","19","Census Tract 19","PA","Erie County","Pennsylvania","CT",561171,0,"Census Tract 19; Erie County; Pennsylvania",1718,234,22050,5926,654,466,"Census Tract 19; Erie County; Pennsylvania",1718,234,22050,5926,654,466,"Census Tract 19; Erie County; Pennsylvania",1718,234,22050,5926,654,466,list(list(c(1300946.44641367, 1301301.287344, 1301476.72738786, 1301581.24276911, 1301693.736732, 1301940.15744618, 1301991.76759857, 1301893.26145676, 1301717.9600311, 1301363.22815523, 1300946.44641367, 2232909.16835523, 2233167.33001818, 2233294.77878538, 2233363.84118663, 2233206.47622653, 2232869.51032061, 2232786.01729436, 2232710.93339897, 2232582.5919935, 2232323.63733337, 2232909.16835523))),38.0675203725262,TRUE,TRUE,TRUE
"42","101","028000","1400000US42101028000","42101028000","280","Census Tract 280","PA","Philadelphia County","Pennsylvania","CT",718347,0,"Census Tract 280; Philadelphia County; Pennsylvania",4165,968,36463,6379,1271,1126,"Census Tract 280; Philadelphia County; Pennsylvania",4165,968,36463,6379,1271,1126,"Census Tract 280; Philadelphia County; Pennsylvania",4165,968,36463,6379,1271,1126,list(list(c(1748889.08661309, 1748776.07497734, 1748838.7153393, 1749099.83960228, 1749158.36756084, 1749300.14310664, 1749259.6818814, 1749463.64968095, 1749493.89043285, 1749548.82873394, 1749846.15161522, 1749855.73131925, 1749445.3012461, 1749310.57720703, 1749106.8292277, 1748959.11408329, 1748934.77908802, 1748921.12585677, 1748889.08661309, 2082193.11691818, 2082901.57949204, 2082973.97185299, 2083104.15682767, 2083130.06200939, 2083141.35215317, 2082967.94332261, 2082738.02394811, 2082702.29204759, 
2082643.25320368, 2082295.59515983, 2082127.48661595, 2082106.2263984, 2082099.3797455, 2082090.3506687, 2082079.58096035, 2082119.15655537, 2082141.13869642, 2082193.11691818))),30.516206482593,TRUE,TRUE,TRUE
"42","101","028200","1400000US42101028200","42101028200","282","Census Tract 282","PA","Philadelphia County","Pennsylvania","CT",855786,0,"Census Tract 282; Philadelphia County; Pennsylvania",5131,760,34420,24149,1467,1565,"Census Tract 282; Philadelphia County; Pennsylvania",5131,760,34420,24149,1467,1565,"Census Tract 282; Philadelphia County; Pennsylvania",5131,760,34420,24149,1467,1565,list(list(c(1749798.48178076, 1749796.77576964, 1749768.26076909, 1749737.84214089, 1750197.04454465, 1750535.86402261, 1750603.73802993, 1750612.44014945, 1750684.31258642, 1750738.89864112, 1750783.70765621, 1750719.9119953, 1750599.34388085, 1750381.16837946, 1750178.39403966, 1750124.03431158, 1749981.59871156, 1749802.26618096, 1749798.48178076, 2083107.83343163, 2083165.9997406, 2083690.5791134, 2084208.87894798, 2084232.10506261, 2084249.61632541, 2084250.29780908, 2084076.93946393, 2083667.87170032, 
2083357.23320156, 2083215.46575495, 2083213.16919989, 2083382.57462296, 2083371.09078364, 2083361.67091884, 2083358.26933814, 2083227.54130154, 2083034.51817214, 2083107.83343163))),28.5909179497174,TRUE,TRUE,TRUE
"42","003","980500","1400000US42003980500","42003980500","9805","Census Tract 9805","PA","Allegheny County","Pennsylvania","CT",1611394,8798,"Census Tract 9805; Allegheny County; Pennsylvania",14,9,31500,9341,9,122,"Census Tract 9805; Allegheny County; Pennsylvania",14,9,31500,9341,9,122,"Census Tract 9805; Allegheny County; Pennsylvania",14,9,31500,9341,9,122,list(list(c(1343576.44462931, 1343563.07813915, 1343477.38507534, 1343524.54366575, 1343575.67023551, 1343680.00601053, 1344100.25751428, 1344238.34791841, 1344647.53405394, 1344826.93871523, 1344989.37293509, 1344885.18204818, 1345047.73588171, 1345059.50830648, 1344578.28527182, 1344513.59550605, 1344477.07604514, 1344321.59573594, 1343938.84526091, 1343719.55739861, 1343691.84057301, 1343689.60349336, 1343589.91342146, 1343576.44462931, 2049377.00793935, 2049592.00153976, 2049993.97983872, 2050135.20280469, 
2050107.55767354, 2050196.14630504, 2050149.76020971, 2050005.4760807, 2049922.56819353, 2049962.73354762, 2049504.99084131, 2049352.54351482, 2049354.03901442, 2049005.12768445, 2048913.79601184, 2048954.35023926, 2049005.84773056, 2049012.38996474, 2048761.98656652, 2048771.40927415, 2048801.34231471, 2048813.46090953, 2049286.0090182, 2049377.00793935))),64.2857142857143,TRUE,TRUE,TRUE
"42","003","562300","1400000US42003562300","42003562300","5623","Census Tract 5623","PA","Allegheny County","Pennsylvania","CT",3116893,276270,"Census Tract 5623; Allegheny County; Pennsylvania",3077,536,32250,19392,918,662,"Census Tract 5623; Allegheny County; Pennsylvania",3077,536,32250,19392,918,662,"Census Tract 5623; Allegheny County; Pennsylvania",3077,536,32250,19392,918,662,list(list(c(1344414.01083948, 1344650.11655364, 1344772.05767509, 1344832.40703381, 1344815.83093856, 1344938.36825043, 1345181.5036549, 1345194.16912259, 1345241.27235231, 1345584.9575025, 1345564.87644426, 1345653.02152509, 1345783.17950565, 1346005.54864753, 1346246.26692349, 1346248.93585191, 1346452.4194065, 1346617.18416014, 1346550.62007284, 1346452.9084619, 1346084.8994558, 1345956.12663441, 1345667.30900579, 1345676.29695838, 1345482.85162892, 1345404.48577934, 1345149.59366099, 1344859.3124614, 
1344723.37137424, 1344414.01083948, 2046884.7008592, 2046988.15986158, 2047082.37521929, 2047210.40313081, 2047436.10481804, 2047697.81791061, 2047986.93622572, 2047982.73419248, 2047998.2746514, 2047959.78419656, 2048048.40539535, 2048055.50065822, 2047989.99430557, 2047588.96790163, 2047367.45228027, 2047261.87872009, 2047321.86691606, 2047205.80135457, 2047081.80742294, 2046898.28522266, 2045997.65009013, 2045785.87800279, 2045551.90222056, 2045517.75269498, 2045437.68679293, 2045717.28102463, 
2045696.1709307, 2045833.46940811, 2046013.35378731, 2046884.7008592))),29.8342541436464,TRUE,TRUE,TRUE
"42","077","001900","1400000US42077001900","42077001900","19","Census Tract 19","PA","Lehigh County","Pennsylvania","CT",1424134,0,"Census Tract 19; Lehigh County; Pennsylvania",4316,690,30714,11183,1417,948,"Census Tract 19; Lehigh County; Pennsylvania",4316,690,30714,11183,1417,948,"Census Tract 19; Lehigh County; Pennsylvania",4316,690,30714,11183,1417,948,list(list(c(1706440.06667794, 1706996.05478509, 1707461.4145545, 1707526.18577367, 1707719.29305627, 1707684.45318803, 1707808.78823382, 1707859.27786267, 1707943.18488427, 1708025.21260178, 1708112.2520834, 1707873.94860533, 1707636.71848424, 1707399.94988678, 1707320.82534841, 1707233.10750079, 1707067.70142217, 1707017.98107409, 1706767.27636349, 1706608.64431681, 1706626.87912111, 1706731.17990692, 1706440.06667794, 2141017.31050997, 2140911.66038314, 2140898.66290482, 2140899.79171178, 2140580.81588, 
2140539.92324965, 2140340.71723756, 2140259.70997356, 2140125.027128, 2139993.83112158, 2139854.67555923, 2139702.31533604, 2139551.69007738, 2139398.53754146, 2139348.40002073, 2139489.93611627, 2139753.5353543, 2139834.60034638, 2140238.20428486, 2140494.11720001, 2140487.33443693, 2140554.22091946, 2141017.31050997))),32.8313253012048,TRUE,TRUE,TRUE
"42","003","492800","1400000US42003492800","42003492800","4928","Census Tract 4928","PA","Allegheny County","Pennsylvania","CT",1647081,0,"Census Tract 4928; Allegheny County; Pennsylvania",2656,468,36329,11363,698,626,"Census Tract 4928; Allegheny County; Pennsylvania",2656,468,36329,11363,698,626,"Census Tract 4928; Allegheny County; Pennsylvania",2656,468,36329,11363,698,626,list(list(c(1350802.89077502, 1351641.40324237, 1351575.26864627, 1352038.39237173, 1351932.77367508, 1351927.55531957, 1352170.10357535, 1352457.33500607, 1352462.4133504, 1352576.3663644, 1352348.49495712, 1352176.50814223, 1351977.12529442, 1351720.34185756, 1351437.57757274, 1351356.55725705, 1351302.91022033, 1350886.99177374, 1350802.89077502, 2034992.56913109, 2035265.5582519, 2035291.28712507, 2035469.59673755, 2035109.84441225, 2035084.40012241, 2034978.18471159, 2035026.93582246, 2034995.29873071, 
2034985.95298182, 2033885.31629576, 2033906.8922276, 2033616.55609414, 2034045.98225284, 2034069.86123356, 2034299.90442196, 2034673.75112395, 2034756.91436434, 2034992.56913109))),26.2801204819277,TRUE,TRUE,TRUE
"42","003","504100","1400000US42003504100","42003504100","5041","Census Tract 5041","PA","Allegheny County","Pennsylvania","CT",8709609,476215,"Census Tract 5041; Allegheny County; Pennsylvania",4875,581,42205,3719,1249,1014,"Census Tract 5041; Allegheny County; Pennsylvania",4875,581,42205,3719,1249,1014,"Census Tract 5041; Allegheny County; Pennsylvania",4875,581,42205,3719,1249,1014,list(list(c(1352524.85955527, 1352406.96298571, 1352421.05224465, 1352906.35766675, 1353069.79264422, 1353676.46173871, 1353751.41769363, 1353773.87129913, 1353773.27495119, 1354116.31995382, 1354170.54025365, 1354110.86852784, 1354293.92466049, 1354271.90916811, 1354361.99396553, 1354584.13794793, 1355096.49010868, 1355219.69255004, 1355407.79242987, 1355658.050581, 1355594.38370335, 1355687.25511252, 1355952.20316569, 1355947.40419466, 1355847.32646144, 1355686.52794038, 1355683.2403165, 1355938.73869442, 
1355953.88060778, 1355884.43082675, 1355729.32665941, 1355432.38092067, 1355209.6987596, 1355059.82771578, 1354970.85337712, 1354844.28681669, 1354608.67863072, 1354550.25319754, 1354301.75451633, 1354107.82965673, 1353910.65557561, 1353650.64529518, 1353372.25670992, 1352806.08493082, 1352441.80938381, 1352524.85955527, 2045881.49771016, 2046148.60123088, 2046330.25906578, 2046344.43289769, 2046284.73917149, 2046139.75099398, 2046186.6083137, 2046391.98825193, 2046454.62758081, 2046999.23499792, 
2047202.0054209, 2047215.84999606, 2047625.34738779, 2047782.28466761, 2047791.1725755, 2047681.47355122, 2047488.45559193, 2047435.8701486, 2047122.10157794, 2046990.66253716, 2046717.36878147, 2046346.19042212, 2046070.42237804, 2045944.9029569, 2045822.66017299, 2045388.9849919, 2045100.1585671, 2044976.32323852, 2044113.45604064, 2043981.82029535, 2043840.57306489, 2043617.99933038, 2043181.43661923, 2043018.03185056, 2043002.85732056, 2043096.59613078, 2043109.99793496, 2042961.74509837, 2043320.30113631, 
2044044.11396454, 2044404.43947041, 2044733.85939413, 2044970.44956122, 2045356.33746228, 2045662.77571863, 2045881.49771016))),25.6205128205128,TRUE,TRUE,TRUE
"42","003","465600","1400000US42003465600","42003465600","4656","Census Tract 4656","PA","Allegheny County","Pennsylvania","CT",1010398,0,"Census Tract 4656; Allegheny County; Pennsylvania",2366,327,42258,17430,678,579,"Census Tract 4656; Allegheny County; Pennsylvania",2366,327,42258,17430,678,579,"Census Tract 4656; Allegheny County; Pennsylvania",2366,327,42258,17430,678,579,list(list(c(1332656.73934071, 1332949.49347373, 1333166.74567034, 1333226.7193288, 1333796.39687508, 1334081.67428566, 1334226.60398823, 1334584.7292128, 1334465.56300338, 1334398.04594892, 1334296.38968601, 1334318.7699985, 1333993.26605199, 1333793.00000987, 1333779.93057787, 1333801.1575837, 1333653.09185292, 1333611.85268297, 1333266.42780841, 1332690.95598759, 1332627.80055342, 1332656.73934071, 2048233.1156614, 2048410.55221673, 2048279.95368436, 2048375.19422175, 2048577.47962824, 2048611.00010208, 
2048493.06586135, 2048201.73082885, 2048136.21922376, 2047946.5265614, 2048073.83151752, 2047939.12560858, 2047627.02946261, 2047821.38244869, 2047931.87410943, 2048110.88418115, 2048119.34157801, 2047931.03819114, 2047723.99031715, 2048194.70775454, 2048164.14631054, 2048233.1156614))),28.6559594251902,TRUE,TRUE,TRUE
"42","035","030100","1400000US42035030100","42035030100","301","Census Tract 301","PA","Clinton County","Pennsylvania","CT",972678841,9749803,"Census Tract 301; Clinton County; Pennsylvania",3098,231,43184,3246,913,324,"Census Tract 301; Clinton County; Pennsylvania",3098,231,43184,3246,913,324,"Census Tract 301; Clinton County; Pennsylvania",3098,231,43184,3246,913,324,list(list(c(1480823.63397732, 1482882.56392126, 1486195.3534951, 1484484.06192128, 1483898.03632426, 1495700.3260036, 1495910.07928282, 1496609.53683718, 1497120.61000247, 1502075.50034278, 1502634.85953714, 1502716.0384254, 1503328.14547659, 1503970.79698319, 1508684.31248425, 1513483.46970069, 1513568.73978718, 1515637.42493399, 1516514.45650827, 1517535.37575145, 1517564.65342926, 1517783.02778161, 1517994.88186873, 1518686.90228916, 1518753.93026301, 1519143.85814033, 1519432.1681985, 1519799.49618827, 
1520298.04476926, 1516612.82424975, 1516718.32832747, 1516059.63739924, 1510713.13066512, 1516137.03661441, 1516162.97700186, 1513246.6105089, 1508842.42627615, 1508807.21294995, 1504993.51996809, 1504862.16093492, 1497077.38019847, 1497172.65806235, 1496851.15668948, 1496011.06732423, 1496007.4412669, 1495868.62496532, 1495513.32822692, 1495172.38467909, 1494996.16772626, 1494851.15320383, 1494714.95327711, 1494619.24234885, 1494491.5559964, 1494222.14500214, 1493826.83330773, 1493469.03594089, 
1493358.89808345, 1493314.26145465, 1493393.37263624, 1493756.74290921, 1493820.02449909, 1493732.58950579, 1493559.39504758, 1493445.82528606, 1493201.5814435, 1492555.32302861, 1492069.27804634, 1491755.48675455, 1491590.21145531, 1491516.85261851, 1491415.11151383, 1491051.45160363, 1490922.12057917, 1491117.97741771, 1491119.02956846, 1491199.09017889, 1491651.82371569, 1491732.68425623, 1491585.44695827, 1491167.93081076, 1490976.07810196, 1490730.67016577, 1490686.40906863, 1490660.11270423, 
1490585.07360157, 1490413.14909517, 1489964.64139294, 1489655.42422574, 1489557.11025211, 1489546.16874929, 1489817.5338409, 1489830.60849589, 1489681.00851581, 1489513.46113827, 1489260.69263238, 1489116.29034774, 1488985.22996501, 1488638.58618775, 1488517.07872459, 1488378.63702272, 1488158.29892422, 1487835.98487202, 1487519.19424123, 1487278.47760504, 1486922.19308222, 1486667.00307527, 1484359.5920525, 1480823.63397732, 2163205.54554776, 2170071.5227808, 2181388.5788011, 2190256.30077476, 2193185.00974772, 
2195660.99399708, 2195720.4896173, 2195859.01727297, 2195980.7453576, 2196996.7429965, 2197108.85067792, 2197115.16409994, 2197253.88088945, 2197364.04101871, 2198339.55333268, 2199305.63405692, 2199341.14910279, 2199769.09888787, 2195661.57814129, 2195889.79870147, 2195797.44871853, 2195590.73133211, 2195327.30141738, 2193868.83337367, 2193756.06170232, 2193312.8138913, 2193109.92664861, 2193069.95131105, 2192549.86099137, 2180485.82637296, 2180006.05977559, 2179286.06821765, 2172494.94436804, 2168448.57256883, 
2168277.1725786, 2168531.85877576, 2168767.29588842, 2168948.40253189, 2169305.93624001, 2169329.72432791, 2170092.93043845, 2170111.31501241, 2170147.10775462, 2170201.01992956, 2170190.40177054, 2169854.55294954, 2169334.24127958, 2168990.58376957, 2168615.97362834, 2167997.47285587, 2167270.54300956, 2167048.83465165, 2166906.93410654, 2166829.75722603, 2166783.53900588, 2166661.22089701, 2166508.1271383, 2166256.25310293, 2165938.80442275, 2165450.3116249, 2165103.36587461, 2164926.36367865, 
2164795.68304382, 2164768.59262797, 2164819.20463626, 2165093.84158908, 2165414.92889403, 2165362.60806975, 2165079.13940797, 2164629.33637671, 2164395.13015908, 2163998.7929489, 2163685.31372188, 2162551.79940653, 2162378.60715067, 2162017.66294473, 2160875.77030617, 2160478.95051317, 2160259.61099423, 2160031.25804112, 2159985.08813178, 2159778.05276667, 2159598.33227204, 2159030.69695664, 2158884.97316225, 2158744.49212888, 2158820.46798611, 2158748.75448603, 2158575.32695624, 2158171.16169836, 
2157404.33518963, 2157044.66892754, 2156683.46062501, 2156508.28222107, 2156427.35661983, 2156461.01979196, 2156574.64460766, 2157297.66006348, 2157377.43763472, 2157383.63894299, 2157289.80480691, 2157005.9216023, 2156892.84658931, 2156985.1640376, 2157188.40242544, 2157103.44819102, 2159048.75581076, 2163205.54554776))),29.4706262104584,TRUE,TRUE,TRUE
"42","123","970800","1400000US42123970800","42123970800","9708","Census Tract 9708","PA","Warren County","Pennsylvania","CT",3264998,383165,"Census Tract 9708; Warren County; Pennsylvania",2817,326,40385,9887,748,478,"Census Tract 9708; Warren County; Pennsylvania",2817,326,40385,9887,748,478,"Census Tract 9708; Warren County; Pennsylvania",2817,326,40385,9887,748,478,list(list(c(1380017.16521426, 1380267.3530078, 1380172.5347687, 1380331.51012449, 1380496.58840596, 1380576.69645302, 1380707.2799827, 1380676.837208, 1380878.52679564, 1380861.71656628, 1380993.6133375, 1380775.45902285, 1381261.50573628, 1381401.4877232, 1381751.74652899, 1381970.65896258, 1382054.48747629, 1381911.9836642, 1381970.65054137, 1382002.55504663, 1382324.60886864, 1382556.57259297, 1382729.5487404, 1382866.74797529, 1382879.91100522, 1382819.18100386, 1382377.30079494, 1382452.28263747, 
1382202.89209333, 1382138.8016152, 1381851.11723204, 1381883.42226051, 1381562.0625645, 1381151.36793374, 1381076.92812123, 1381199.64596052, 1381034.2414287, 1380675.60209858, 1380062.36948739, 1380017.16521426, 2215203.19883217, 2215288.53933222, 2215422.40015799, 2215512.33743009, 2215881.72571389, 2215808.54521291, 2216014.91395128, 2216172.34047644, 2216392.23841469, 2216556.76524529, 2216661.64977127, 2217056.77313888, 2217218.83009041, 2216689.34532778, 2216852.11495387, 2217092.97980057, 
2217481.38840581, 2217645.66790046, 2217698.23707567, 2217732.37078778, 2217346.23642302, 2217134.80116246, 2216666.13810191, 2216441.92146938, 2216388.13025195, 2216278.80611814, 2215987.26617773, 2215852.14404975, 2215757.77702962, 2215743.79164717, 2215696.2248375, 2215537.88084089, 2215560.90258052, 2215467.689689, 2215436.17509259, 2214832.66095514, 2214600.27287452, 2214625.98379601, 2215061.02786659, 2215203.19883217))),26.5530706425275,TRUE,TRUE,TRUE
"42","101","011800","1400000US42101011800","42101011800","118","Census Tract 118","PA","Philadelphia County","Pennsylvania","CT",914502,0,"Census Tract 118; Philadelphia County; Pennsylvania",4877,1014,35515,20252,1325,1137,"Census Tract 118; Philadelphia County; Pennsylvania",4877,1014,35515,20252,1325,1137,"Census Tract 118; Philadelphia County; Pennsylvania",4877,1014,35515,20252,1325,1137,list(list(c(1742699.15387463, 1743100.38647802, 1743193.30471597, 1743236.45089471, 1743355.52748844, 1743536.28088291, 1743546.80945832, 1743588.5589904, 1743679.55666812, 1743720.12649973, 1743801.17072861, 1743841.89282801, 1744012.36516577, 1744092.78457504, 1744221.54102069, 1744290.46203449, 1744494.37603158, 1744487.58403698, 1744473.93148913, 1744154.01755126, 1743792.93380993, 1743649.24624093, 1743344.32399837, 1743423.04101065, 1743173.28619118, 1742803.819652, 1742699.15387463, 2076534.30506614, 
2076929.58141779, 2077087.82475043, 2077118.40766827, 2077179.50790285, 2077357.94893202, 2077326.54267879, 2077194.75347784, 2077017.66008492, 2076937.25838388, 2076780.79540478, 2076702.83793282, 2076354.93089632, 2076262.60521167, 2076193.52701227, 2076008.54732097, 2075938.03128349, 2075909.66418032, 2075848.55319472, 2075959.18839748, 2076063.56127961, 2076077.68104414, 2076141.62976734, 2076490.80757395, 2076478.17152196, 2076448.26979535, 2076534.30506614))),27.1683411933566,TRUE,TRUE,TRUE
"42","051","260800","1400000US42051260800","42051260800","2608","Census Tract 2608","PA","Fayette County","Pennsylvania","CT",3161172,96065,"Census Tract 2608; Fayette County; Pennsylvania",3616,357,38942,18297,980,812,"Census Tract 2608; Fayette County; Pennsylvania",3616,357,38942,18297,980,812,"Census Tract 2608; Fayette County; Pennsylvania",3616,357,38942,18297,980,812,list(list(c(1380011.18460849, 1380331.39343962, 1380338.3686196, 1380523.22477496, 1380613.98814771, 1380744.82390168, 1381083.16743125, 1382089.00841904, 1382456.65800796, 1382559.79696818, 1382458.57517448, 1382570.36615881, 1382682.79593435, 1382700.94044108, 1383008.72422668, 1383232.45994731, 1383251.11748901, 1383420.32004467, 1383245.85708673, 1383194.77188307, 1382962.663254, 1382890.33243248, 1382649.06065075, 1382807.85558646, 1382754.1125668, 1382870.3646676, 1382974.75585308, 1382777.65426814, 
1382857.77208113, 1382741.69436135, 1382659.39329395, 1382403.98323599, 1382285.71220793, 1382042.13353952, 1382250.07859182, 1382120.59471314, 1381779.8876899, 1381652.81056753, 1381485.29610761, 1381318.16474387, 1381187.94133948, 1380512.17548141, 1380535.37673555, 1380203.9419468, 1379929.36522403, 1380011.18460849, 2008505.35372615, 2008814.89298341, 2008811.33179115, 2009013.4709198, 2009419.85832489, 2009538.20574805, 2009557.73685276, 2009418.15806802, 2009057.39672254, 2009159.22715051, 
2009382.91292872, 2009882.75173593, 2009938.6645293, 2009878.02440007, 2009778.5618342, 2009978.92396611, 2009868.66888654, 2009773.10975006, 2009533.00860806, 2009182.86158293, 2009062.25344442, 2009261.06740059, 2009145.238052, 2009101.41957582, 2008874.56460901, 2008616.9933212, 2008594.61498069, 2008545.41524668, 2008426.44015645, 2008357.83513078, 2008450.9522555, 2008181.73462551, 2008317.59896811, 2008115.86003603, 2008362.33550214, 2008513.7602444, 2008241.62414429, 2008595.92793466, 2008537.13626094, 
2008476.14053127, 2008462.52975764, 2008169.33905267, 2008045.08993311, 2007884.06068438, 2008420.47003567, 2008505.35372615))),27.1017699115044,TRUE,TRUE,TRUE
"42","101","017201","1400000US42101017201","42101017201","172.01","Census Tract 172.01","PA","Philadelphia County","Pennsylvania","CT",262958,0,"Census Tract 172.01; Philadelphia County; Pennsylvania",2828,701,26313,13940,781,897,"Census Tract 172.01; Philadelphia County; Pennsylvania",2828,701,26313,13940,781,897,"Census Tract 172.01; Philadelphia County; Pennsylvania",2828,701,26313,13940,781,897,list(list(c(1748497.20938409, 1748632.53814528, 1748623.5486682, 1748614.36314221, 1748594.6742094, 1748607.33125295, 1748868.52075121, 1748888.31973857, 1748907.53095555, 1748916.77334805, 1748642.4164579, 1748506.27360932, 1748497.20938409, 2079109.80462672, 2079116.07248424, 2079286.02996215, 2079456.86208833, 2079802.48002005, 2079804.03698539, 2079817.34415494, 2079469.33807503, 2079129.00691351, 2078950.15082545, 2078936.67036219, 2078929.76252216, 2079109.80462672))),27.6166902404526,TRUE,TRUE,TRUE
